Rank,City,Country/State,Country,Cost of Living Plus Rent Index,Groceries Index,Restaurant Price Index,Local Purchasing Power Index,Cost of Living Index,Rent Index
,New York, NY, United States,100,100,100,100,100,100
,San Francisco, CA, United States,106.29,107.52,91.06,92.96,97.84,115.36
,Anchorage, AK, United States,68.53,101.18,84.55,124.92,94.99,40.12
,Honolulu, HI, United States,79.04,104.69,82.86,103.08,94.15,62.82
,Brooklyn, NY, United States,85.33,92.73,100.58,87.04,93.79,76.24
,Rockville, MD, United States,78.84,87.76,74.74,130.79,92.66,64
,Bloomington, IN, United States,63.93,112.83,75.43,96.92,92.14,33.64
,Washington, DC, United States,82.95,92.74,85,120.62,91.94,73.3
,Santa Rosa, CA, United States,74.75,92.05,78.34,106.77,90.23,58.13
,Arlington, VA, United States,76.01,88.51,82.63,120.53,89.2,61.85
,Bellevue, WA, United States,78.15,88.43,80.99,73.46,88.85,66.67
,Seattle, WA, United States,76.64,89.85,83.22,144.6,88.04,64.41
,Berkeley, CA, United States,83.42,97.88,78.29,115.84,87.82,78.69
,Boston, MA, United States,83.03,88.99,86.2,101.35,87.05,78.72
,Charleston, SC, United States,66.8,98.41,71.87,115.41,86.19,45.99
,Miami, FL, United States,75.01,87.37,95.81,97.81,86.01,63.2
,Oakland, CA, United States,82.44,88.65,81.38,97.94,85.11,79.57
,New Haven, CT, United States,66.48,92.86,86.18,127.41,84.13,47.53
,Irvine, CA, United States,75.3,89.49,76.5,139.48,83.73,66.26
,Philadelphia, PA, United States,66.4,82.24,79.37,116.06,83.46,48.09
,San Jose, CA, United States,82.36,85.4,83.12,134.82,82.87,81.81
,Tacoma, WA, United States,60.49,88.02,72.46,125.1,82.54,36.82
,Los Angeles, CA, United States,75.77,82.73,82.48,109.01,82.3,68.75
,Boulder, CO, United States,68.5,86.22,74.92,143.02,82.19,53.8
,Portland, ME, United States,61.89,86.96,88.58,113.69,81.6,40.73
,Minneapolis, MN, United States,64.19,87.48,75.88,131.08,81.46,45.65
,Norfolk, VA, United States,63.14,90.06,81.31,64.42,81.36,43.59
,Hartford, CT, United States,62.19,78.41,86.26,101.57,80.86,42.15
,Queens, NY, United States,73.04,74.39,87.27,113.4,80.77,64.73
,Albany, NY, United States,56.38,83.35,71.86,139.34,80.19,30.82
,Chicago, IL, United States,68.85,79.14,77.99,119.17,80.16,56.71
,Jersey City, NJ, United States,73.2,79.5,85.95,130.99,79.91,66
,Olympia, WA, United States,58.42,77.18,78.7,125.04,79.25,36.06
,Santa Barbara, CA, United States,75.45,76.47,87.43,134.38,79.17,71.45
,Eugene, OR, United States,56,91.86,69.07,109.06,78.94,31.38
,Burlington, VT, United States,61.05,82.04,79.41,101.19,78.89,41.89
,Sacramento, CA, United States,61.67,80.02,74.2,135.14,78.75,43.34
,Pittsburgh, PA, United States,59.54,76.56,70.89,133.38,78.66,39.02
,Portland, OR, United States,65.56,79.56,68.4,125.57,78.45,51.72
,Saint Paul, MN, United States,60.05,81.15,74.68,97.64,78.37,40.38
,Long Beach, CA, United States,67.01,82.77,76.98,127.25,78.23,54.98
,Fort Lauderdale, FL, United States,65.11,79.05,77.85,104.35,77.67,51.63
,Everett, WA, United States,60.68,84.84,70.29,113.75,77.63,42.48
,Asheville, NC, United States,58.31,84.94,72.18,111.73,77.36,37.85
,Denver, CO, United States,66.07,77.48,79.43,130.1,77.31,54
,Bellingham, WA, United States,56.67,79.09,77.88,131.14,77.13,34.7
,Melbourne, FL, United States,54.08,85.53,77.04,128.34,77.09,29.38
,San Diego, CA, United States,69.73,75.09,82.09,142.72,77.01,61.91
,New Orleans, LA, United States,59.07,75.15,84,116.56,76.64,40.21
,Orlando, FL, United States,57.68,82.77,69.38,129.02,76.63,37.35
,Baltimore, MD, United States,61.36,73.92,80.16,116.79,76.57,45.03
,Tampa, FL, United States,59.92,80.64,80.21,144.43,76.53,42.09
,West Palm Beach, FL, United States,60.41,79.59,78.92,124.36,76.52,43.11
,Colorado Springs, CO, United States,54.1,72.93,76.48,150.89,75.42,31.21
,Charlotte, NC, United States,58.6,79.4,73.87,112.72,75.35,40.62
,Plano, TX, United States,58.3,73.93,63.49,101.69,75.32,40.02
,Atlanta, GA, United States,60.92,75,74.81,153.77,74.97,45.83
,Fayetteville, AR, United States,50.76,81.39,69.15,104.92,74.9,24.85
,Indianapolis, IN, United States,55.89,73.92,74.26,94.22,74.72,35.67
,Birmingham, AL, United States,53.77,76.12,74.13,134.55,74.64,31.36
,Augusta, GA, United States,49.29,82.42,62.66,100.38,74.29,22.45
,Greensboro, NC, United States,50.93,80.28,62.04,141.87,74.1,26.05
,Greenville, SC, United States,55.73,83.74,67.18,127.49,74.08,36.03
,Jacksonville, FL, United States,53.66,77.14,73.25,117.13,73.58,32.27
,Fort Collins, CO, United States,58.38,81.45,61.31,73.23,73.57,42.07
,Cleveland, OH, United States,51.71,67.52,74.7,146.27,73.47,28.35
,Milwaukee, WI, United States,55.11,71.9,71.59,139.23,73.37,35.5
,Saint Petersburg, FL, United States,57.72,72.82,75.33,145.31,73.29,41.01
,Memphis, TN, United States,51.04,73.96,70.71,154.91,72.95,27.52
,Syracuse, NY, United States,52.57,72.26,67.76,103.63,72.88,30.77
,Newark, NJ, United States,57.07,66.47,77.87,94.1,72.68,40.31
,Akron, OH, United States,48.02,77.33,63.79,99.21,72.65,21.57
,Austin, TX, United States,61.53,73.02,75.56,140.39,72.46,49.8
,Fresno, CA, United States,52.38,72.51,75.89,110.71,72.36,30.94
,Buffalo, NY, United States,51.31,69.14,72.72,120.23,72.15,28.94
,Shreveport, LA, United States,49.48,78.42,64.04,76.03,72.07,25.24
,Nashville, TN, United States,60.23,74.28,69.38,125.4,71.88,47.73
,Manchester, NH, United States,53.2,76.26,72.86,124.75,71.46,33.61
,Raleigh, NC, United States,55.02,78.32,70.58,131.99,71.4,37.42
,Little Rock, AR, United States,48.89,77.24,64.98,132.31,71.29,24.83
,Richmond, VA, United States,54.2,77.66,65.74,133.08,70.98,36.18
,Las Vegas, NV, United States,51.2,66.54,74.53,148.81,70.97,29.98
,Saint Louis, MO, United States,51.15,71.33,68.14,144.7,70.76,30.11
,Grand Rapids, MI, United States,52.43,69.69,70.77,143.87,70.58,32.95
,Rochester, NY, United States,51.13,72.96,74.66,158.71,70.52,30.31
,Houston, TX, United States,57.7,71.01,71.15,145.38,70.37,44.1
,Detroit, MI, United States,53.45,67.02,59.3,131.62,70.2,35.48
,Ann Arbor, MI, United States,58.07,69.31,62.97,163.57,70.01,45.26
,Harrisburg, PA, United States,49.59,72.58,66.41,140.56,69.91,27.78
,Salem, OR, United States,51.58,70.61,68.39,106.58,69.81,32
,Dayton, OH, United States,46.71,73.53,62.38,114.2,69.76,21.96
,Columbia, SC, United States,50.3,75.37,65.65,92.47,69.7,29.48
,Fort Wayne, IN, United States,46.28,74.49,69.24,129.87,69.42,21.43
,Des Moines, IA, United States,50.97,73.45,63.64,125.85,69.37,31.23
,Virginia Beach, VA, United States,53.94,68.92,71.08,151.73,69.33,37.42
,Spokane, WA, United States,48.86,70.06,64.46,135.55,69.26,26.97
,Bakersfield, CA, United States,49.86,71.91,64.38,120.54,69.2,29.09
,Columbus, OH, United States,52.92,66.96,62.16,125.47,69.13,35.51
,Cincinnati, OH, United States,50.79,61.6,70.4,136.92,69.13,31.11
,Kansas City, MO, United States,49.89,68.17,63.04,135.76,69.05,29.33
,Lincoln, NE, United States,49.21,71.56,62.02,124.13,68.61,28.38
,Fort Myers, FL, United States,50.62,71.88,62.43,86.87,68.06,31.9
,Lexington, KY, United States,47.45,69.03,62.48,130.77,67.9,25.51
,Fort Worth, TX, United States,52.12,66.57,65.5,142.22,67.81,35.29
,Omaha, NE, United States,49.78,69.41,62.64,134.51,67.8,30.43
,Vancouver, WA, United States,51.55,61.12,67.28,127.95,67.79,34.12
,Wichita, KS, United States,46.58,67.02,68.1,118.39,67.02,24.63
,Lubbock, TX, United States,46.52,61.64,68.94,133.25,66.9,24.63
,Chattanooga, TN, United States,48.02,67.8,62.68,145.27,66.89,27.77
,Phoenix, AZ, United States,50.69,62.4,71.42,139.29,66.87,33.32
,Sioux Falls, SD, United States,47,69.13,56.18,168.93,66.85,25.7
,Salt Lake City, UT, United States,51.4,64.48,68.75,148.6,66.76,34.91
,Tulsa, OK, United States,48.34,67.6,62.03,123.2,66.71,28.61
,Durham, NC, United States,51.54,64.75,67.79,146.95,66.44,35.54
,Springfield, MO, United States,43.44,73.6,63.28,77.68,66.4,18.79
,Winston-salem, NC, United States,46.34,71.92,69.63,117.44,66.27,24.96
,Dallas, TX, United States,54.7,61.95,67.11,162.37,65.94,42.64
,Albuquerque, NM, United States,46.33,68.04,64.58,123.57,65.73,25.5
,Arlington, TX, United States,48.47,62.02,63.87,152.9,65.63,30.04
,Madison, WI, United States,51.78,62.5,66.34,144.83,65.6,36.95
,Mobile, AL, United States,45.69,67.4,64.09,122.2,65.31,24.63
,Louisville, KY, United States,47.39,65.76,65.91,127.21,65.14,28.33
,Pensacola, FL, United States,47.44,62.12,64.75,128.73,64.88,28.72
,Oklahoma City, OK, United States,46.09,66.52,58.15,142.4,64.29,26.54
,Huntsville, AL, United States,46.03,64.13,63.83,152.26,63.34,27.45
,Tucson, AZ, United States,44.1,61.12,63.64,138.07,63,23.8
,Reno, NV, United States,49.92,58.04,64.1,136.4,62.88,35.99
,Boise, ID, United States,46.37,58.7,65.39,130.86,62.65,28.91
,Knoxville, TN, United States,46.55,60.36,64.67,128.69,62.18,29.77
,College Station, TX, United States,47.79,68.95,57.12,118.7,61.85,32.7
,San Antonio, TX, United States,48.18,58.17,60.96,154.92,60.92,34.5
,Athens, GA, United States,44.21,57.85,59.58,110.52,60.55,26.67
,Hamilton, Bermuda,Rest of World,128.76,143.47,158.75,112.26,145.43,110.87
,Zurich, Switzerland,Rest of World,105.03,149.86,135.76,142.7,141.25,66.14
,Geneva, Switzerland,Rest of World,104.38,138.98,129.74,130.96,134.83,71.7
,Basel, Switzerland,Rest of World,91.61,127.54,127.22,139.01,130.68,49.68
,Bern, Switzerland,Rest of World,87.3,132.7,119.48,112.71,128.03,43.57
,Lausanne, Switzerland,Rest of World,91.24,126.59,132.12,127.95,127.5,52.32
,Reykjavik, Iceland,Rest of World,91.7,118.15,133.19,88.95,123.78,57.25
,Stavanger, Norway,Rest of World,80.61,106.09,143.54,118.14,118.61,39.83
,Lugano, Switzerland,Rest of World,86.73,117.74,122.3,119.86,118.24,52.91
,Oslo, Norway,Rest of World,84.46,112.42,124.09,102.94,117.23,49.28
,Trondheim, Norway,Rest of World,79.58,103.5,134.76,108.29,114.22,42.39
,Bergen, Norway,Rest of World,77.58,101.79,119.61,99.29,112.31,40.3
,Kyoto, Japan,Rest of World,63.8,118.44,54.59,77.92,100.33,24.58
,Nassau, Bahamas,Rest of World,71.14,85.34,104.17,58.69,99.73,40.45
,Copenhagen, Denmark,Rest of World,74.97,77.53,121.23,113.31,97.62,50.66
,Luxembourg, Luxembourg,Rest of World,79.08,82.71,109.61,127.42,95.37,61.59
,Tokyo, Japan,Rest of World,66.45,99.67,58.93,106.42,93.81,37.07
,Paris, France,Rest of World,72.34,87.29,91.77,97.62,92.87,50.3
,Limerick, Ireland,Rest of World,61.37,87.15,82.93,93.93,92.73,27.71
,Arhus, Denmark,Rest of World,64.37,71.5,102.82,109.47,91.9,34.82
,Singapore, Singapore,Rest of World,81.99,83.64,64.4,95.89,91.4,71.89
,Aalborg, Denmark,Rest of World,60.13,73.79,101.14,106.35,91.17,26.81
,Stockholm, Sweden,Rest of World,68.87,84.06,93.71,108.2,90.85,45.27
,Sydney, Australia,Rest of World,80,85.02,77.09,118.81,90.77,68.43
,Montpellier, France,Rest of World,58.95,86.93,75.13,74.25,90.63,24.95
,Tel Aviv-Yafo, Israel,Rest of World,71.65,76.9,97.21,101.36,90.36,51.55
,Dublin, Ireland,Rest of World,76.52,73.62,95.64,88.11,89.92,62.13
,Jerusalem, Israel,Rest of World,64.93,74.2,96.35,84.17,89.62,38.43
,Linz, Austria,Rest of World,60.44,84.03,88.05,95.13,89.33,29.43
,Amsterdam, Netherlands,Rest of World,74.23,70.13,95.2,101.7,89.14,58.22
,London, United Kingdom,Rest of World,82.89,67.36,96.36,92.61,88.69,76.67
,Antwerp, Belgium,Rest of World,59.19,79.12,101.67,90.18,88.2,28.06
,Hamilton, New Zealand,Rest of World,58.62,81.69,84.97,128.21,88.09,26.98
,Helsinki, Finland,Rest of World,64.98,73.82,96.5,113.87,87.77,40.52
,Grenoble, France,Rest of World,57.51,88.71,79.04,115.7,87.73,25.07
,Seoul, South Korea,Rest of World,63.26,107.06,50.88,107.52,87.56,37.17
,Tampere, Finland,Rest of World,59.08,73.89,96.76,111.28,87.2,28.89
,Auckland, New Zealand,Rest of World,67.65,79.21,72.26,99.37,86.93,46.95
,Florence, Italy,Rest of World,60.34,76.28,87.67,66.09,86.9,31.81
,Nice, France,Rest of World,60.14,78.82,98.75,107.04,86.69,31.64
,Milton Keynes, United Kingdom,Rest of World,62.68,85.31,81.71,90.17,86.28,37.34
,Perth, Australia,Rest of World,64.18,80.79,90.63,130.38,86.24,40.5
,Adelaide, Australia,Rest of World,62.17,82.05,81.67,113.86,86.02,36.56
,Bath, United Kingdom,Rest of World,62.56,78.47,83.51,117.98,85.79,37.62
,Reading, United Kingdom,Rest of World,64.03,71.32,95.36,130.18,85.56,40.91
,Leuven, Belgium,Rest of World,58.38,79.81,86.88,92.44,85.31,29.48
,Gent, Belgium,Rest of World,57.07,72.2,94.01,96.27,85.16,26.92
,Melbourne, Australia,Rest of World,65.7,82.11,77.29,127.15,85.15,44.81
,Milan, Italy,Rest of World,65.11,75.56,92.27,71.94,85.1,43.65
,Genoa, Italy,Rest of World,54.39,74.03,83.87,71.66,85.04,21.49
,Darwin, Australia,Rest of World,66.43,82.29,91.79,118.09,84.98,46.52
,Cairns, Australia,Rest of World,58.75,84.5,74.96,118.05,84.98,30.59
,The Hague (Den Haag), Netherlands,Rest of World,61.14,70.25,89.11,106.25,84.97,35.55
,Munich, Germany,Rest of World,66.3,72.97,82.46,118.19,84.78,46.46
,Lyon, France,Rest of World,57.26,77.74,79.13,101.17,84.47,28.04
,Gothenburg, Sweden,Rest of World,58.38,77.45,91.06,112.1,84.38,30.46
,Brussels, Belgium,Rest of World,60.55,72.55,96.1,104.35,83.65,35.76
,Utrecht, Netherlands,Rest of World,62.55,68.39,97.89,105.9,83.34,40.23
,Aberdeen, United Kingdom,Rest of World,58.56,67.23,99.29,115.94,83.18,32.13
,Cambridge, United Kingdom,Rest of World,65.78,67.22,95.67,105.39,82.96,47.33
,Cork, Ireland,Rest of World,62.19,67.32,91.87,105.57,82.89,39.97
,Hobart, Australia,Rest of World,58.08,81.1,88.26,99.4,82.88,31.46
,Toulouse, France,Rest of World,54.94,77.86,82.38,113.77,82.85,24.97
,Ramat Gan, Israel,Rest of World,60.7,67.32,89.36,112.25,82.84,36.93
,Rotterdam, Netherlands,Rest of World,59.8,63.02,94.81,102.03,82.64,35.28
,Dusseldorf, Germany,Rest of World,60.23,65.69,74.97,114.5,82.48,36.34
,St. John's, NL,Rest of World,53.39,86.39,79.73,98.06,82.18,22.48
,Turku, Finland,Rest of World,54.87,69.79,88.89,125.14,82.18,25.55
,Brisbane, Australia,Rest of World,63.43,75.42,81.39,130.41,82.17,43.31
,Halifax, Canada,Rest of World,56.61,88.57,75.91,95.7,82.03,29.33
,Thunder Bay, Canada,Rest of World,55.08,77.76,74.63,84.87,81.98,26.2
,Haifa, Israel,Rest of World,52.33,66.6,91.38,120.61,81.81,20.68
,Padova, Italy,Rest of World,53.85,67.49,78.91,77.42,81.77,23.89
,Frankfurt, Germany,Rest of World,60.4,66.85,81.18,142.76,81.65,37.59
,Saskatoon, Canada,Rest of World,56.27,82.39,72.78,99.63,81.02,29.7
,Canberra, Australia,Rest of World,63.6,77.06,79.23,139.38,80.9,45.03
,Wellington, New Zealand,Rest of World,61.36,77.17,72.02,118.59,80.87,40.42
,Hamburg, Germany,Rest of World,58.02,64.85,77.19,116.06,80.75,33.61
,Parma, Italy,Rest of World,53.85,71.96,87.4,84.79,80.69,25.04
,Maastricht, Netherlands,Rest of World,57.86,70.13,81.68,105.35,80.69,33.35
,Graz, Austria,Rest of World,53.75,78.18,65.21,106.41,80.59,24.94
,Christchurch, New Zealand,Rest of World,56.21,75.7,78.95,90.4,80.51,30.13
,Galway, Ireland,Rest of World,58.21,70.9,81.75,100.11,80.22,34.58
,Portsmouth, United Kingdom,Rest of World,56.99,62.19,89.21,94.57,80.05,32.23
,Malmo, Sweden,Rest of World,55.09,73.61,87.62,120.92,79.79,28.57
,Uppsala, Sweden,Rest of World,54.97,70.45,87.61,119.75,79.7,28.42
,Lund, Sweden,Rest of World,54.16,75.3,80.06,122.8,79.39,27.07
,Oxford, United Kingdom,Rest of World,66.79,62.18,81.92,86.68,79.37,53.29
,Edinburgh, United Kingdom,Rest of World,57.69,69.3,89.29,104.25,79.2,34.6
,Barrie, Canada,Rest of World,54.51,79.85,76.95,127.57,79.18,28.03
,Bologna, Italy,Rest of World,53.5,70.14,85.23,76.44,79.04,26.08
,Sliema, Malta,Rest of World,58.32,69.3,89.2,74.89,78.94,36.17
,Rome, Italy,Rest of World,60.2,68.34,85.32,72.78,78.8,40.24
,Eindhoven, Netherlands,Rest of World,57.73,63.05,88.51,119.87,78.72,35.2
,Hong Kong, Hong Kong,Rest of World,79.12,83.47,56.17,82.86,78.72,79.54
,Vienna, Austria,Rest of World,57.61,73.8,73.39,98.88,78.64,35.04
,Osaka, Japan,Rest of World,52.16,79.2,45.06,109.62,78.5,23.88
,Lille, France,Rest of World,52.47,65.77,74.43,89.56,78.34,24.7
,York, United Kingdom,Rest of World,54.69,68.51,85.11,110.55,77.98,29.69
,Trieste, Italy,Rest of World,50.76,72.67,80.97,90.05,77.97,21.54
,Brampton, Canada,Rest of World,54.32,83.61,64.25,103.74,77.9,29.01
,Bristol, United Kingdom,Rest of World,59.59,63.13,92.62,108.18,77.83,40.01
,Bergamo, Italy,Rest of World,50.87,64.43,91.76,89.37,77.71,22.05
,Heidelberg, Germany,Rest of World,57.96,61.01,75.28,133.23,77.3,37.21
,Manchester, United Kingdom,Rest of World,54.83,63.07,85.92,98.91,77.15,30.87
,Newcastle, Australia,Rest of World,60.88,76.5,84.01,134.62,77.12,43.45
,Mannheim, Germany,Rest of World,52.99,61.07,73.5,156.77,76.97,27.25
,Groningen, Netherlands,Rest of World,54.59,66.99,87.82,105.46,76.64,30.91
,Calgary, Canada,Rest of World,54.7,72.97,75.23,146.39,76.44,31.37
,Brighton, United Kingdom,Rest of World,61.21,58.61,86.71,83.51,76.4,44.89
,Red Deer, Canada,Rest of World,51.73,69.85,74.21,136.55,76.15,25.51
,Edmonton, Canada,Rest of World,54.6,74.26,73.66,131.93,76.01,31.61
,Nottingham, United Kingdom,Rest of World,51.3,65.92,75.29,107.61,75.98,24.8
,Karlsruhe, Germany,Rest of World,50.76,57.26,80.6,136.82,75.8,23.89
,Coventry, United Kingdom,Rest of World,51.96,64.04,71.27,133.86,75.72,26.45
,Vancouver, Canada,Rest of World,64.94,78.26,70.12,96.77,75.59,53.5
,Victoria, Canada,Rest of World,58.36,79.13,70.56,112.52,75.47,40
,Norwich, United Kingdom,Rest of World,51.26,58.53,81.1,89.95,75.4,25.34
,Toronto, Canada,Rest of World,61.58,70.65,71.58,106.83,75.22,46.94
,Turin, Italy,Rest of World,50.01,61.62,76.26,85.62,74.94,23.25
,Leeds, United Kingdom,Rest of World,53.41,61.69,91.99,109.59,74.92,30.31
,Gold Coast, Australia,Rest of World,57.46,74.88,72.35,124.98,74.89,38.76
,Kelowna, Canada,Rest of World,55.52,77.54,68.9,109.75,74.78,34.84
,Stuttgart, Germany,Rest of World,55.4,55.57,72.07,134.02,74.53,34.86
,Berlin, Germany,Rest of World,54.65,60.74,65.57,114.09,74.32,33.54
,Burlington, Canada,Rest of World,54.97,68.68,82.63,137.47,74.32,34.2
,Sheffield, United Kingdom,Rest of World,50.55,56.87,84.47,110.96,74.31,25.05
,Glasgow, United Kingdom,Rest of World,52.03,61.85,79.52,124.11,74.3,28.12
,Palma De Mallorca, Spain,Rest of World,50.12,62.9,71.61,80.26,74.08,24.4
,Cologne, Germany,Rest of World,52.67,55.97,73.95,131.06,74.02,29.75
,Bonn, Germany,Rest of World,52.21,55,70.68,118.12,73.61,29.24
,Bremen, Germany,Rest of World,48.72,59.15,70.25,131.14,73.41,22.22
,Bilbao, Spain,Rest of World,52.55,65.27,75.33,92.96,73.3,30.28
,Exeter, United Kingdom,Rest of World,53.24,58.28,82.78,86.66,73.17,31.86
,Guelph, Canada,Rest of World,51.68,68.86,80.08,114.41,72.93,28.86
,Waterloo, Canada,Rest of World,52.01,70.36,70.2,120.38,72.86,29.64
,Regina, Canada,Rest of World,51.67,73.25,66.3,109.12,72.85,28.93
,Dubai, United Arab Emirates,Rest of World,69.83,61.71,67.23,123.71,72.58,66.88
,Nuremberg, Germany,Rest of World,49.67,55.83,71.58,127.52,72.57,25.08
,Mississauga, Canada,Rest of World,55.23,68.46,67.15,106.67,72.54,36.65
,Leipzig, Germany,Rest of World,47.22,54.51,64.82,91.69,72.4,20.19
,Taipei, Taiwan,Rest of World,47.9,87.57,34.77,104.9,72.39,21.61
,Windsor, Canada,Rest of World,47.59,63.4,67.16,118.85,72,21.38
,Nanaimo, BC,Rest of World,49.33,78.03,63.87,99.07,71.9,25.11
,Aachen, Germany,Rest of World,48.99,57.78,64.67,128.79,71.81,24.48
,Moncton, Canada,Rest of World,46.15,70.92,66.98,88.06,71.79,18.63
,Birmingham, United Kingdom,Rest of World,51.33,57.06,79.83,106.25,71.6,29.57
,Cardiff, United Kingdom,Rest of World,50.69,65.68,72.66,109.78,71.52,28.32
,Southampton, United Kingdom,Rest of World,52.97,58.97,76,116.26,71.48,33.09
,Dresden, Germany,Rest of World,47.94,56.07,59.77,105.93,71.22,22.95
,Winnipeg, Canada,Rest of World,48.89,69.49,67.33,114.61,71.22,24.91
,Quebec City, Canada,Rest of World,45.53,71.69,65.29,118.31,71.21,17.97
,Naples, Italy,Rest of World,46.41,66.45,63.1,59.99,71.14,19.85
,Darmstadt, Germany,Rest of World,51.13,53.91,66.6,145.86,70.17,30.69
,Ottawa, Canada,Rest of World,51.51,64.16,71.95,145.32,69.91,31.76
,Newcastle Upon Tyne, United Kingdom,Rest of World,48.58,54.05,78.46,127.4,69.91,25.69
,Barcelona, Spain,Rest of World,52.37,59.29,65.07,77.27,69.75,33.71
,Marseille, France,Rest of World,47.6,61.91,69.58,104.22,69.66,23.92
,Liverpool, United Kingdom,Rest of World,48.04,52.24,78.55,116.18,69.53,24.96
,Hanover, Germany,Rest of World,46.59,58.88,64.04,160.86,69.47,22.04
,London, Canada,Rest of World,47.78,65.97,66.17,105.79,69.39,24.58
,Montreal, Canada,Rest of World,48.69,68.65,67.17,120.29,69.18,26.68
,Gatineau, Canada,Rest of World,45.32,69.98,64.66,142.51,69.17,19.72
,Belfast, United Kingdom,Rest of World,47.04,61.07,79.19,103.27,68.77,23.7
,San Juan, Puerto Rico,Rest of World,48.18,66.18,57.67,116.19,68.77,26.09
,Derby, United Kingdom,Rest of World,45.92,58.52,71.55,110.83,68.68,21.48
,Malta, Malta,Rest of World,48.26,54.11,69,72.13,68.44,26.6
,Madrid, Spain,Rest of World,51.13,56.59,70.41,96.36,67.63,33.41
,Surrey, Canada,Rest of World,50.97,65.23,61.6,93.78,67.37,33.36
,Montevideo, Uruguay,Rest of World,44.97,54.33,70.89,35.71,67.18,21.14
,Nicosia, Cyprus,Rest of World,42.59,53.67,78.46,90.59,66.23,17.22
,Doha, Qatar,Rest of World,66.46,57.95,65.81,120.86,66.12,66.84
,Taichung, Taiwan,Rest of World,40.43,84.29,29.75,66.76,65.98,13
,Ljubljana, Slovenia,Rest of World,43.84,54.76,57.7,74.7,65.47,20.62
,Zaragoza (Saragossa), Spain,Rest of World,41.2,54.76,60.66,77.87,65.4,15.21
,Hamilton, Canada,Rest of World,47.1,60.77,65.83,122.71,65.26,27.6
,Beirut, Lebanon,Rest of World,50.54,47.46,66.58,52.68,65.03,34.98
,Thessaloniki, Greece,Rest of World,39.2,52.32,61.77,48.72,64.94,11.57
,Athens, Greece,Rest of World,40.22,51.34,64.82,52.86,64.67,13.97
,Kitchener, Canada,Rest of World,46.28,58.85,59.89,124.25,63.9,27.36
,Limassol, Cyprus,Rest of World,44.57,52.24,66.53,93.12,63.52,24.22
,Havana, Cuba,Rest of World,38.27,41.43,28.23,1.88,62.74,12.01
,Accra, Ghana,Rest of World,47.64,60.07,40.1,14.07,61.93,32.3
,Martin, Slovakia,Rest of World,41.63,56.66,51.89,44.36,61.04,20.8
,Tallinn, Estonia,Rest of World,39.84,45.31,61.04,74.02,60.51,17.66
,San Jose, Costa Rica,Rest of World,40.6,60.98,49.47,48.89,60.46,19.28
,Valencia, Spain,Rest of World,41.17,50.92,56.84,90.71,60.33,20.61
,Kaohsiung, Taiwan,Rest of World,36.2,71.17,26.25,127.49,60.22,10.41
,Sevilla, Spain,Rest of World,41.35,52.11,58.14,81.43,60.16,21.15
,Larnaca, Cyprus,Rest of World,36.53,49.72,66.8,83.19,59.97,11.36
,Sharjah, United Arab Emirates,Rest of World,45.15,50.37,43.99,123.32,59.38,29.86
,Split, Croatia,Rest of World,37.2,50.46,55.16,53.22,59.05,13.74
,Manama, Bahrain,Rest of World,45.33,57.63,54.83,67.56,59,30.65
,Rijeka, Croatia,Rest of World,36.24,49.63,46.7,51.41,58.54,12.29
,Amman, Jordan,Rest of World,37.3,49.55,55.56,41.83,58.47,14.58
,Zagreb, Croatia,Rest of World,37.45,49.52,46.65,64.19,58,15.39
,Lisbon, Portugal,Rest of World,44.01,47.02,50.14,58.48,57.69,29.33
,Patras, Greece,Rest of World,34.23,46.44,53.51,64.63,57.35,9.41
,Panama City, Panama,Rest of World,45.29,56.48,52.95,38.24,57.23,32.46
,Malaga, Spain,Rest of World,39.85,48.93,55.28,94.71,57.23,21.19
,Campinas, Brazil,Rest of World,36.42,43.15,48.2,59.53,57.21,14.1
,Rio De Janeiro, Brazil,Rest of World,40,42.19,48.58,39.15,57.14,21.61
,Funchal, Portugal,Rest of World,38.15,47.03,44.3,52.72,57,17.91
,Santiago, Chile,Rest of World,38.04,48.15,55.32,50.65,56.85,17.85
,Sao Paulo, Brazil,Rest of World,39.56,43.58,48.59,40.03,56.83,21.02
,Shanghai, China,Rest of World,49.3,61.7,40.74,66.16,56.16,41.95
,Buenos Aires, Argentina,Rest of World,36.53,48.19,56.51,60.03,56.05,15.58
,Bangkok, Thailand,Rest of World,41.52,62.4,27.99,44.94,55.79,26.21
,Makati, Philippines,Rest of World,41.73,59.97,28.91,46.37,55.54,26.91
,Tartu, Estonia,Rest of World,35.69,42.41,55.7,75.23,55.49,14.44
,Porto, Portugal,Rest of World,38.5,45.79,44.12,63.31,54.92,20.87
,Riga, Latvia,Rest of World,35.75,42.56,51.15,53.77,54.87,15.23
,Coimbra, Portugal,Rest of World,35.25,46.39,42.38,75.56,54.5,14.58
,Granada, Spain,Rest of World,35.39,44.63,51.02,94.61,54.47,14.9
,Vilnius, Lithuania,Rest of World,36.72,42.58,49.97,56.97,54.26,17.9
,Porto Alegre, Brazil,Rest of World,35.03,42.32,42.19,46.35,53.88,14.79
,Brasilia, Brazil,Rest of World,35.94,44.65,47.74,49.33,53.84,16.73
,Prague, Czech Republic,Rest of World,39.96,47.04,40.31,77.13,53.84,25.06
,Bratislava, Slovakia,Rest of World,38.8,46.54,44.37,72.75,53.64,22.87
,Santa Cruz De Tenerife, Spain,Rest of World,36.32,44.56,53.88,93.75,53.34,18.05
,Pretoria, South Africa,Rest of World,35.06,43.22,47.05,108.14,53.19,15.59
,Phuket, Thailand,Rest of World,34.59,57.38,27.69,55.31,53.17,14.65
,Las Palmas, Spain,Rest of World,36.98,44.95,51.06,84.11,52.71,20.09
,Kaunas, Lithuania,Rest of World,33.19,41.09,45.84,57.97,52.56,12.38
,Recife, Brazil,Rest of World,32.93,41.22,41.58,39.68,52.22,12.23
,Klaipeda, Lithuania,Rest of World,32.57,43.52,46.6,58.53,52.09,11.61
,Fortaleza, Brazil,Rest of World,31.65,43.69,38.32,30.52,52,9.81
,Windhoek, Namibia,Rest of World,37.98,47.76,43.74,55.51,51.84,23.11
,Moscow, Russia,Rest of World,43.27,40.9,56.03,59.58,51.82,34.1
,Braga, Portugal,Rest of World,32.55,42.67,36.9,71.62,51.43,12.28
,Kosice, Slovakia,Rest of World,34.38,44.97,33.36,61.62,51.36,16.16
,Muscat, Oman,Rest of World,38.76,46.81,51.63,103.55,51.2,25.41
,Budapest, Hungary,Rest of World,35.12,40.71,40.43,55.54,51,18.08
,Jeddah (Jiddah), Saudi Arabia,Rest of World,33.35,43.21,34.15,113.18,51,14.41
,Johor Bahru, Malaysia,Rest of World,32.16,63.42,25.08,42.93,50.98,11.96
,Harare, Zimbabwe,Rest of World,33.14,45.45,36.15,26.86,50.74,14.24
,Belo Horizonte, Brazil,Rest of World,32.15,37.82,41.12,35.32,50.41,12.56
,Florianopolis, Brazil,Rest of World,33.37,39.36,42.08,39.69,50.4,15.08
,Addis Ababa, Ethiopia,Rest of World,37.8,43.58,22.5,13.57,50.3,24.39
,Brno, Czech Republic,Rest of World,35.32,44.77,34.98,73.86,50.29,19.26
,San Salvador, El Salvador,Rest of World,32.2,51.28,37.29,28.62,50.29,12.78
,Al Khobar, Saudi Arabia,Rest of World,33.53,44.86,33.74,124.32,50.18,15.67
,Johannesburg, South Africa,Rest of World,36.72,41.72,49.92,125.99,50.02,22.45
,Petaling Jaya, Malaysia,Rest of World,31.73,58.94,23.68,68.75,49.8,12.34
,Dar Es Salaam, Tanzania,Rest of World,37.55,34.82,33.56,18.87,49.66,24.56
,Shenzhen, China,Rest of World,37.94,53.67,31.34,83.96,49.65,25.37
,Penang, Malaysia,Rest of World,30.78,56.99,26.28,68.42,49.5,10.67
,Guayaquil, Ecuador,Rest of World,32.17,44.21,36.59,36.14,49.49,13.57
,Curitiba, Brazil,Rest of World,31.68,37,41.47,46.26,49.43,12.63
,Phnom Penh, Cambodia,Rest of World,33.89,53.68,24.62,26.41,49.24,17.42
,Santo Domingo, Dominican Republic,Rest of World,31.44,42.25,46.38,28.77,49.1,12.49
,Irbil, Iraq,Rest of World,32.12,41.62,43.07,49.2,49.08,13.91
,Osijek, Croatia,Rest of World,29.32,40.85,36.36,58.44,49.04,8.14
,Gdansk, Poland,Rest of World,33.96,36.86,40.96,72.77,49.01,17.8
,Ad Dammam, Saudi Arabia,Rest of World,31.41,42.33,32.19,141.35,48.87,12.68
,Quito, Ecuador,Rest of World,32.06,47.67,36.41,34.37,48.84,14.05
,Warsaw, Poland,Rest of World,35.86,38.53,42.2,77.31,48.31,22.5
,Riyadh, Saudi Arabia,Rest of World,32.9,41.46,35.41,129.2,48.21,16.46
,Chiang Mai, Thailand,Rest of World,30.65,60.54,22.68,31.68,47.92,12.1
,Gdynia, Poland,Rest of World,31.82,38.15,43.91,72.98,47.86,14.6
,Kota Kinabalu, Malaysia,Rest of World,29.78,56.27,23.67,37.17,47.75,10.48
,Cape Town, South Africa,Rest of World,38.59,40.96,45.21,94.27,47.55,28.98
,Pattaya, Thailand,Rest of World,33.42,50.38,29.61,29.96,47.24,18.59
,Port Elizabeth, South Africa,Rest of World,31.11,40.21,41.53,64.08,47.09,13.95
,Guatemala City, Guatemala,Rest of World,31.8,43.64,37.17,41.41,46.97,15.52
,Kuching, Malaysia,Rest of World,27.53,52.35,20.02,41.76,46.79,6.86
,Jakarta, Indonesia,Rest of World,33.39,49.49,26.34,34.8,46.47,19.34
,Saint Petersburg, Russia,Rest of World,33.75,38.12,47.73,56.75,46.41,20.17
,Durban, South Africa,Rest of World,31.56,39.21,43.53,96.43,46.3,15.74
,Kuala Lumpur, Malaysia,Rest of World,32.62,47.17,27.39,80.73,46.28,17.96
,Wroclaw, Poland,Rest of World,33.43,38.06,39.12,74.19,46.27,19.64
,Beijing, China,Rest of World,40.02,44.92,35.14,76.61,46.09,33.51
,Baghdad, Iraq,Rest of World,30.96,40.35,42.03,52.05,46.05,14.76
,Selangor, Malaysia,Rest of World,29.31,50.35,23.26,88.61,46.04,11.34
,Olomouc, Czech Republic,Rest of World,30.08,43.34,31.6,79.5,45.99,13.01
,Krakow (Cracow), Poland,Rest of World,32.48,36.66,38.32,73.59,45.79,18.18
,Maputo, Mozambique,Rest of World,32.41,36.64,41.88,33.15,45.29,18.58
,Poznan, Poland,Rest of World,30.89,37.57,37.54,74.63,45.27,15.45
,Debrecen, Hungary,Rest of World,28.24,37.81,33.04,48.52,44.92,10.34
,Bydgoszcz, Poland,Rest of World,30.53,35.24,37.73,66.01,44.91,15.1
,Ostrava, Czech Republic,Rest of World,28.36,38.89,32.47,78.36,44.78,10.73
,Istanbul, Turkey,Rest of World,30.08,39.35,33,54.57,44.73,14.35
,Podgorica, Montenegro,Rest of World,28.48,35.64,37.75,51.8,44.68,11.1
,Szczecin, Poland,Rest of World,29.23,35.91,34.7,60.33,44.61,12.73
,Bucharest, Romania,Rest of World,29.73,36.6,40.58,58.75,44.38,14
,Belgrade, Serbia,Rest of World,28.7,32.31,38.34,40.25,43.99,12.28
,Lima, Peru,Rest of World,31.38,39.88,31.53,39.55,43.92,17.91
,Bali, Indonesia,Rest of World,26.56,49.07,25.29,29.2,43.73,8.12
,Lodz, Poland,Rest of World,28.78,34.02,36.68,70.09,43.68,12.79
,Guangzhou, China,Rest of World,32.61,44.04,27.37,79.47,43.5,20.93
,Sofia, Bulgaria,Rest of World,28.57,37.06,34.44,60.66,43.11,12.96
,Sarajevo, Bosnia And Herzegovina,Rest of World,26.89,35.37,31.5,48.89,42.5,10.13
,Manila, Philippines,Rest of World,31.57,38.19,29.13,43.04,42.4,19.94
,Lublin, Poland,Rest of World,30.62,34.52,34.11,57.02,42.33,18.04
,Katowice, Poland,Rest of World,27.86,34.17,32.56,81.77,42.28,12.37
,Varna, Bulgaria,Rest of World,26.08,37.66,34.85,48.43,42.26,8.71
,Nairobi, Kenya,Rest of World,27.7,40.4,34.31,27.87,42.06,12.27
,Yekaterinburg, Russia,Rest of World,27.75,37.86,36.08,52.61,42.05,12.4
,Cebu, Philippines,Rest of World,27.36,43.31,24.71,26.16,41.81,11.84
,Timisoara, Romania,Rest of World,26.75,34.26,36.97,59.09,41.62,10.78
,Rabat, Morocco,Rest of World,28.04,37.31,27.57,45.29,41.62,13.47
,Ho Chi Minh City, Vietnam,Rest of World,30.45,42.17,21.09,36.92,41.28,18.81
,Ankara, Turkey,Rest of World,25.17,36.71,31.39,56.89,41.21,7.95
,Izmir, Turkey,Rest of World,25.48,37.48,29.22,54.57,40.97,8.86
,Burgas, Bulgaria,Rest of World,24.65,35.83,33.58,50.53,40.81,7.29
,Cluj-Napoca, Romania,Rest of World,27.54,34.7,33.06,59.81,40.51,13.6
,Plovdiv, Bulgaria,Rest of World,24.55,35.49,33.1,54.98,40.29,7.65
,Bursa, Turkey,Rest of World,24.09,34.46,27.63,55.63,40.26,6.73
,Yogyakarta, Indonesia,Rest of World,23.65,45.78,14.56,30.25,40.01,6.09
,Hanoi, Vietnam,Rest of World,27.67,40.28,22.71,27.09,39.89,14.56
,Novosibirsk, Russia,Rest of World,26.5,35.77,34.9,47.89,39.86,12.16
,Banja Luka, Bosnia And Herzegovina,Rest of World,24.38,32.73,28.97,51.24,39.85,7.77
,Nizhny Novgorod, Russia,Rest of World,26.11,35.11,37.77,40.34,39.83,11.38
,Iasi, Romania,Rest of World,25.7,33.52,34.64,51.29,39.81,10.55
,Suzhou, China,Rest of World,28.74,39.63,31.65,91.87,39.57,17.11
,Kazan, Russia,Rest of World,26.64,33.82,43.81,51.14,39.53,12.81
,Sibiu, Romania,Rest of World,24.53,32.76,33.38,54.27,39.5,8.46
,Tirana, Albania,Rest of World,25.17,31.79,32.05,38.05,39.33,9.96
,Chengdu, China,Rest of World,26.47,38.41,28.42,77.03,39.26,12.73
,Surabaya, Indonesia,Rest of World,24.46,43.32,18.67,37.58,39.24,8.6
,Rostov-na-donu, Russia,Rest of World,26.13,31.64,41.73,35.31,39.1,12.21
,Bogota, Colombia,Rest of World,26.87,31.74,29.55,42.03,38.99,13.86
,Oradea, Romania,Rest of World,23.74,32.85,25.94,46.65,38.94,7.42
,Novi Sad, Serbia,Rest of World,23.74,31.2,28.89,48.41,38.9,7.47
,Casablanca, Morocco,Rest of World,28.02,33.78,28.81,47.32,38.81,16.45
,Antalya, Turkey,Rest of World,23.53,33.47,29.4,54.45,38.77,7.18
,Skopje, Macedonia,Rest of World,24.4,30.7,29.14,41.99,38.51,9.26
,Monterrey, Mexico,Rest of World,25.46,35.16,38.06,84.22,38.45,11.52
,Cuenca, Ecuador,Rest of World,24.89,37.19,26.71,43.44,38.41,10.38
,Brasov, Romania,Rest of World,24.67,31.4,33.82,67.91,38.37,9.96
,Ulaanbaatar, Mongolia,Rest of World,25.21,37.23,25.59,33.71,38.13,11.34
,Medan, Indonesia,Rest of World,21.94,41.6,18.35,44.28,37.99,4.71
,Tehran, Iran,Rest of World,29.18,34.45,30.9,43.28,37.8,19.93
,Colombo, Sri Lanka,Rest of World,24.29,41.98,22.74,27.62,37.72,9.88
,Bandung, Indonesia,Rest of World,22.42,43.19,17.12,33.9,37.68,6.05
,Mexico City, Mexico,Rest of World,28.04,34.66,32.65,64.03,37.54,17.84
,Astana, Kazakhstan,Rest of World,26.6,32.67,38.79,40.49,37.51,14.88
,Nis, Serbia,Rest of World,22.09,29.67,30.85,38.68,37.32,5.73
,Kigali, Rwanda,Rest of World,24.96,31.27,27.33,28.22,37.18,11.85
,Algiers, Algeria,Rest of World,23.38,38.43,22.86,33.38,37.13,8.61
,Arad, Romania,Rest of World,23.33,30.52,28.55,60.77,36.47,9.22
,Asuncion, Paraguay,Rest of World,23.88,30.88,27.65,34.68,36.16,10.71
,Santa Cruz, Bolivia,Rest of World,25.59,29.42,29.15,57.64,36.14,14.26
,Kathmandu, Nepal,Rest of World,21.48,33.22,21.92,23.73,36.06,5.83
,Almaty, Kazakhstan,Rest of World,24.31,28.66,35.51,46.81,36.05,11.72
,Medellin, Colombia,Rest of World,24.52,31.73,27.61,29.33,35.87,12.33
,Cancun, Mexico,Rest of World,23.15,29.93,35.3,61.69,35.58,9.8
,Minsk, Belarus,Rest of World,23.71,28.55,38.12,43.77,35.3,11.25
,Gurgaon, India,Rest of World,23.36,32.59,30.88,110.97,34.9,10.96
,Craiova, Romania,Rest of World,21.07,28.61,25.41,58.56,34.34,6.84
,Guadalajara, Mexico,Rest of World,22.58,33.15,30.82,71.87,34.19,10.12
,Tijuana, Mexico,Rest of World,22.88,32.67,32.65,45.26,34.13,10.81
,Yerevan, Armenia,Rest of World,22.18,27.73,31.77,32.52,34.12,9.37
,Kampala, Uganda,Rest of World,21.31,28.02,26.64,23.36,34.09,7.59
,Chisinau, Moldova,Rest of World,22.14,27.64,25.5,31.39,34.06,9.35
,Quezon City, Philippines,Rest of World,21.33,29.54,19.44,29.57,33.93,7.79
,Hermosillo, Mexico,Rest of World,21.05,30.3,29.75,77.33,33.86,7.29
,Davao, Philippines,Rest of World,20.73,32.75,16.83,28.86,33.67,6.84
,Dhaka, Bangladesh,Rest of World,20.71,31.89,23.54,37.72,33.64,6.83
,Caracas, Venezuela,Rest of World,22.06,35.03,30.79,3.72,33.64,9.63
,Queretaro, Mexico,Rest of World,21.94,33.17,27.96,63.18,33.51,9.52
,Merida, Mexico,Rest of World,20.83,32.01,26.75,37.23,33.18,7.58
,Cali, Colombia,Rest of World,20.69,28.79,23.76,39.71,33.04,7.44
,Puerto Vallarta, Mexico,Rest of World,22.48,32.27,31.03,62.36,32.7,11.52
,Puebla, Mexico,Rest of World,20.38,28.36,27.84,45.28,32.65,7.22
,Mumbai, India,Rest of World,27.83,32.94,26.68,73.49,32.59,22.72
,Noida, India,Rest of World,19.92,33.12,24.04,95.95,32.37,6.56
,Delhi, India,Rest of World,21.34,30.67,27.54,78.33,32.14,9.74
,Baku, Azerbaijan,Rest of World,20.86,27.9,32.31,29.19,31.31,9.65
,Valenzuela, Philippines,Rest of World,18.01,32.44,12.95,31.9,31.23,3.82
,Islamabad, Pakistan,Rest of World,20.2,28.5,23.5,43.2,30.83,8.79
,Bangalore, India,Rest of World,20.41,31.47,20.23,100.26,30.34,9.76
,Tunis, Tunisia,Rest of World,19.13,29.49,18.19,34.32,30.06,7.39
,Thane, India,Rest of World,19.92,31.07,21.18,70.55,29.82,9.3
,Odesa, Ukraine,Rest of World,20.36,22.29,24.04,27.73,29.79,10.23
,Tbilisi, Georgia,Rest of World,20.5,24.65,29.18,35.61,29.73,10.6
,Pune, India,Rest of World,19.19,30.75,21.4,99.44,29.66,7.95
,Lahore, Pakistan,Rest of World,18.5,26.83,26.39,51.44,29.53,6.67
,Pristina, Kosovo (Disputed Territory),Rest of World,19.67,25.97,22.78,64.57,29.25,9.38
,Chandigarh, India,Rest of World,18.15,29.4,20.18,68.83,29.04,6.47
,Ahmedabad, India,Rest of World,17.85,31.42,20.13,73.59,28.67,6.24
,Surat, India,Rest of World,17.1,31.97,19.84,57.84,28.66,4.69
,Chennai, India,Rest of World,18.14,31.17,18.26,72.34,28.42,7.12
,Goa, India,Rest of World,18.64,29.8,22.96,54.55,28.3,8.27
,Indore, India,Rest of World,16.78,27.74,17.77,50.42,28.06,4.66
,Kolkata, India,Rest of World,18.24,28.53,23.18,56.3,27.99,7.77
,Lucknow (Lakhnau), India,Rest of World,16.62,27.25,18.76,76.1,27.55,4.9
,Kiev, Ukraine,Rest of World,20.24,21.96,22.01,37.48,27.52,12.43
,Jaipur, India,Rest of World,16.54,27.65,18.48,76.5,27.11,5.19
,Karachi, Pakistan,Rest of World,17.63,25.6,21.62,39.06,27.1,7.46
,Hyderabad, India,Rest of World,17.26,27.6,18.93,80.9,26.92,6.89
,Cairo, Egypt,Rest of World,16.33,23.23,22.55,25.27,26.49,5.43
,Dnipropetrovsk, Ukraine,Rest of World,16.86,20.46,22.74,31.06,26.39,6.63
,Nagpur, India,Rest of World,15.97,26.55,18.73,95.19,26.23,4.96
,Bhopal, India,Rest of World,15.49,22.49,16.21,66.21,26.07,4.13
,Vadodara, India,Rest of World,15.18,27.85,16.02,80.63,25.59,4.01
,Mangalore, India,Rest of World,15.93,26.85,16.04,94.53,25.46,5.7
,Lviv, Ukraine,Rest of World,17.01,20.5,17.88,26.88,25.31,8.1
,Mysore, India,Rest of World,14.98,29.39,13.31,42.49,25.2,4.01
,Bhubaneswar, India,Rest of World,15.14,28.22,14.91,57.56,24.89,4.68
,Kharkiv, Ukraine,Rest of World,16.87,19.26,18.44,27.19,24.85,8.29
,Visakhapatnam, India,Rest of World,15.11,25.83,18.07,63.97,24.66,4.85
,Kochi, India,Rest of World,15.8,26.93,13.94,77.7,24.65,6.31
,Coimbatore, India,Rest of World,15.32,25.23,15.21,53.23,24.61,5.35
,Alexandria, Egypt,Rest of World,14.4,23.19,17.66,23.75,23.78,4.34
,Navi Mumbai, India,Rest of World,15.15,24.02,14.14,111.99,23.44,6.25
,Thiruvananthapuram, India,Rest of World,13.26,21.98,12.06,66.25,20.86,5.1
,Abu Dhabi, United Arab Emirates,Rest of World,64.62,54.3,65.93,131.24,64.97,64.25
